data,cliente,produto,preco,quantidade,total
2025-03-04,C082,Vinho,34.14,1,34.14
2025-05-20,C029,Arroz,4.87,6,29.22
2025-02-25,C012,Hamburguer,2.83,1,2.83
2025-02-20,C030,Granola,2.74,5,13.700000000000001
2025-03-13,C092,Fermento,14.58,2,29.16
2025-03-13,C001,Macarrao,13.83,6,82.98
2025-04-08,C020,Carvao,4.86,3,14.580000000000002
2025-01-12,C013,Sabonete,18.9,3,56.699999999999996
2025-04-07,C094,Salsicha,5.5,5,27.5
2025-04-03,C011,Detergente,19.32,6,115.92
2025-02-28,C074,Cerveja,3.95,6,23.700000000000003
2025-01-26,C099,Detergente,25.95,1,25.95
2025-04-04,C049,Condicionador,19.8,4,79.2
2025-03-10,C021,Arroz_Integral,7.87,3,23.61
2025-05-17,C090,Cafe,19.78,5,98.9
2025-03-11,C094,Lenco_Umedecido,14.94,2,29.88
2025-01-15,C082,Fralda,11.08,6,66.48
2025-01-17,C030,Geleia,13.23,3,39.69
2025-04-12,C028,Biscoito,20.35,2,40.7
2025-03-05,C083,Salsicha,9.42,2,18.84
2025-05-30,C096,Shampoo,18.37,6,110.22
2025-02-05,C052,Arroz_Integral,29.93,2,59.86
2025-01-29,C066,Iogurte,23.16,1,23.16
2025-01-17,C020,Macarrao,13.82,6,82.92
2025-05-16,C050,Azeite,29.89,5,149.45
2025-05-18,C033,Pao,17.74,6,106.44
2025-03-17,C097,Condicionador,11.52,6,69.12
2025-03-09,C056,Macarrao,2.09,4,8.36
2025-03-18,C065,Molho_de_Tomate,27.55,5,137.75
2025-04-06,C082,Granola,7.57,5,37.85
2025-05-16,C098,Macarrao,28.7,5,143.5
2025-04-03,C001,Biscoito,2.55,4,10.2
2025-05-26,C040,Lenco_Umedecido,8.74,1,8.74
2025-01-18,C011,Acucar,12.49,6,74.94
2025-05-21,C098,Arroz,20.47,2,40.94
2025-04-19,C022,Shampoo,26.43,5,132.15
2025-04-06,C028,Cerveja,10.73,6,64.38
2025-01-17,C057,Pao_de_Hamburguer,8.94,1,8.94
2025-05-31,C044,Manteiga,17.51,5,87.55000000000001
2025-01-16,C029,Pao,17.46,1,17.46
2025-01-19,C030,Cafe,26.07,1,26.07
2025-02-24,C066,Lenco_Umedecido,20.73,3,62.19
2025-05-27,C070,Arroz,28.19,6,169.14000000000001
2025-04-15,C074,Pao_de_Hot_Dog,23.97,2,47.94
2025-04-01,C025,Queijo,30.67,1,30.67
2025-01-14,C055,Fermento,26.19,4,104.76
2025-03-28,C087,Queijo,19.91,1,19.91
2025-04-25,C014,Lenco_Umedecido,7.33,2,14.66
2025-03-05,C018,Hamburguer,9.8,2,19.6
2025-05-19,C010,Pao_de_Hamburguer,4.74,5,23.700000000000003
2025-05-05,C002,Acucar,5.33,2,10.66
2025-02-12,C062,Carvao,27.27,4,109.08
2025-04-27,C049,Pao,7.54,4,30.16
2025-05-23,C037,Hamburguer,28.8,6,172.8
2025-02-25,C085,Iogurte,7.32,2,14.64
2025-01-13,C008,Leite,8.62,6,51.72
2025-05-16,C075,Pao_de_Hot_Dog,27.74,5,138.7
2025-02-17,C021,Leite,3.39,5,16.95
2025-04-14,C009,Cafe,26.13,6,156.78
2025-01-21,C016,Lenco_Umedecido,18.65,5,93.25
2025-03-22,C054,Biscoito,7.72,3,23.16
2025-03-18,C031,Shampoo,5.66,4,22.64
2025-05-25,C059,Biscoito,2.26,1,2.26
2025-03-09,C013,Cafe,7.97,5,39.85
2025-04-05,C017,Sabonete,26.62,1,26.62
2025-03-19,C037,Macarrao,25.34,4,101.36
2025-03-18,C079,Pao,19.9,6,119.39999999999999
2025-01-28,C085,Queijo,14.12,2,28.24
2025-02-23,C096,Feijao,9.89,3,29.67
2025-03-09,C092,Refrigerante,21.25,2,42.5
2025-01-14,C065,Iogurte,27.35,3,82.05000000000001
2025-03-27,C012,Hamburguer,3.23,3,9.69
2025-02-11,C099,Arroz,29.43,6,176.57999999999998
2025-05-24,C095,Pao_de_Hamburguer,21.76,5,108.80000000000001
2025-02-08,C002,Vinho,42.69,1,42.69
2025-02-07,C070,Geleia,18.31,3,54.92999999999999
2025-01-11,C056,Arroz,10.63,1,10.63
2025-01-27,C046,Carvao,8.99,6,53.94
2025-03-02,C046,Fermento,22.99,5,114.94999999999999
2025-03-27,C021,Molho_de_Tomate,2.69,4,10.76
2025-01-28,C053,Lenco_Umedecido,6.46,3,19.38
2025-04-28,C049,Geleia,8.23,4,32.92
2025-02-19,C045,Esponja,8.24,2,16.48
2025-03-13,C052,Refrigerante,26.2,3,78.6
2025-05-18,C045,Granola,21.03,4,84.12
2025-03-08,C043,Manteiga,26.56,1,26.56
2025-04-22,C023,Shampoo,5.04,1,5.04
2025-05-11,C045,Biscoito,18.97,4,75.88
2025-01-12,C015,Azeite,7.32,5,36.6
2025-05-18,C091,Hamburguer,16.56,1,16.56
2025-03-26,C088,Cerveja,14.08,3,42.24
2025-03-18,C080,Biscoito,25.74,6,154.44
2025-04-14,C065,Esponja,13.44,6,80.64
2025-04-18,C090,Detergente,5.56,5,27.799999999999997
2025-02-14,C086,Azeite,22.95,6,137.7
2025-01-01,C079,Esponja,17.34,4,69.36
2025-05-29,C039,Detergente,14.04,2,28.08
2025-02-24,C078,Biscoito,14.37,4,57.48
2025-01-22,C066,Pao_de_Hot_Dog,6.75,6,40.5
2025-03-27,C037,Granola,19.72,6,118.32
2025-02-20,C012,Lenco_Umedecido,10.69,6,64.14
2025-05-02,C019,Manteiga,8.86,1,8.86
2025-05-28,C079,Cafe,13.6,4,54.4
2025-02-07,C025,Azeite,13.19,4,52.76
2025-02-26,C084,Pao,19.04,1,19.04
2025-02-01,C023,Salsicha,17.61,1,17.61
2025-05-24,C059,Arroz,20.69,4,82.76
2025-05-10,C077,Biscoito,19.15,4,76.6
2025-05-02,C055,Pao_de_Hamburguer,22.82,2,45.64
2025-03-12,C058,Shampoo,25.52,2,51.04
2025-04-23,C099,Iogurte,8.7,6,52.199999999999996
2025-03-23,C010,Detergente,9.61,2,19.22
2025-04-09,C070,Acucar,4.98,2,9.96
2025-04-17,C089,Feijao,7.99,6,47.94
2025-01-16,C053,Refrigerante,15.05,5,75.25
2025-05-30,C027,Fermento,27.34,4,109.36
2025-01-02,C090,Manteiga,12.65,5,63.25
2025-04-18,C046,Esponja,25.9,4,103.6
2025-04-22,C069,Fralda,8.14,4,32.56
2025-04-14,C063,Manteiga,11.41,4,45.64
2025-05-17,C093,Macarrao,27.75,4,111.0
2025-01-07,C004,Farinha,17.8,5,89.0
2025-02-16,C011,Hamburguer,26.27,2,52.54
2025-04-27,C007,Shampoo,11.17,4,44.68
2025-04-18,C042,Refrigerante,9.79,4,39.16
2025-05-19,C033,Acucar,2.03,4,8.12
2025-01-11,C007,Sabonete,20.2,2,40.4
2025-01-06,C097,Manteiga,7.58,2,15.16
2025-01-30,C080,Feijao,5.53,2,11.06
2025-04-05,C073,Carvao,21.59,4,86.36
2025-01-28,C022,Vinho,43.52,2,87.04
2025-04-07,C075,Manteiga,18.12,3,54.36
2025-03-04,C051,Cerveja,18.58,1,18.58
2025-01-31,C014,Esponja,18.81,6,112.85999999999999
2025-04-05,C073,Geleia,16.92,3,50.760000000000005
2025-04-18,C009,Granola,11.55,6,69.30000000000001
2025-04-28,C063,Queijo,43.35,4,173.4
2025-05-14,C091,Feijao,6.93,4,27.72
2025-05-18,C084,Condicionador,24.63,5,123.14999999999999
2025-03-10,C100,Pao_de_Hot_Dog,14.2,4,56.8
2025-04-26,C042,Lenco_Umedecido,9.81,1,9.81
2025-04-08,C032,Salsicha,19.09,5,95.45
2025-02-16,C044,Manteiga,25.83,4,103.32
2025-03-29,C063,Carvao,24.34,3,73.02
2025-02-18,C036,Condicionador,2.28,5,11.399999999999999
2025-05-23,C011,Lenco_Umedecido,13.38,6,80.28
2025-05-06,C098,Lenco_Umedecido,15.33,6,91.98
2025-04-14,C058,Manteiga,10.24,1,10.24
2025-04-05,C089,Lenco_Umedecido,20.59,3,61.769999999999996
2025-05-21,C061,Sabonete,29.91,4,119.64
2025-03-20,C043,Sabonete,14.7,6,88.19999999999999
2025-03-22,C033,Fralda,22.2,1,22.2
2025-05-04,C016,Molho_de_Tomate,8.06,2,16.12
2025-03-17,C036,Detergente,25.31,1,25.31
2025-05-17,C030,Arroz_Integral,10.46,2,20.92
2025-05-22,C017,Condicionador,29.28,1,29.28
2025-05-06,C038,Arroz,26.32,6,157.92000000000002
2025-05-03,C014,Pao,7.97,5,39.85
2025-03-06,C057,Refrigerante,29.03,2,58.06
2025-01-19,C062,Vinho,19.83,1,19.83
2025-05-25,C074,Leite,4.94,2,9.88
2025-04-17,C039,Acucar,4.26,2,8.52
2025-04-24,C078,Fralda,12.65,5,63.25
2025-01-16,C039,Hamburguer,17.92,3,53.760000000000005
2025-03-09,C079,Queijo,29.27,2,58.54
2025-05-22,C085,Acucar,6.98,2,13.96
2025-05-01,C010,Macarrao,13.44,1,13.44
2025-03-14,C038,Geleia,10.07,2,20.14
2025-03-09,C090,Salsicha,21.25,1,21.25
2025-02-27,C081,Cerveja,5.21,4,20.84
2025-01-19,C083,Feijao,25.15,3,75.44999999999999
2025-05-26,C008,Macarrao,18.66,3,55.980000000000004
2025-03-19,C037,Pao_de_Hamburguer,15.12,1,15.12
2025-05-07,C090,Farinha,16.01,3,48.03
2025-04-21,C057,Acucar,2.5,5,12.5
2025-01-24,C095,Biscoito,9.01,5,45.05
2025-05-28,C030,Manteiga,25.0,6,150.0
2025-04-24,C006,Molho_de_Tomate,16.53,4,66.12
2025-05-06,C036,Molho_de_Tomate,14.2,5,71.0
2025-03-24,C012,Pao_de_Hot_Dog,13.43,3,40.29
2025-05-07,C086,Queijo,16.84,2,33.68
2025-01-23,C037,Farinha,3.03,5,15.149999999999999
2025-04-14,C041,Shampoo,5.25,3,15.75
2025-04-29,C066,Pao,21.07,6,126.42
2025-05-08,C053,Leite,13.22,2,26.44
2025-05-21,C081,Pao_de_Hamburguer,7.7,1,7.7
2025-05-05,C017,Detergente,26.66,4,106.64
2025-03-03,C016,Manteiga,19.05,6,114.30000000000001
2025-05-22,C091,Macarrao,17.42,3,52.260000000000005
2025-01-30,C053,Acucar,23.82,2,47.64
2025-05-08,C060,Vinho,37.95,6,227.70000000000002
2025-04-17,C092,Detergente,21.75,5,108.75
2025-02-07,C062,Pao_de_Hot_Dog,14.79,2,29.58
2025-02-04,C050,Cerveja,16.23,5,81.15
2025-05-10,C009,Condicionador,11.52,4,46.08
2025-05-31,C035,Pao,17.86,3,53.58
2025-05-04,C075,Iogurte,14.5,2,29.0
2025-04-07,C045,Refrigerante,23.36,5,116.8
2025-03-03,C059,Biscoito,29.46,2,58.92
2025-04-16,C074,Azeite,25.97,2,51.94
2025-04-08,C006,Biscoito,15.24,6,91.44
2025-02-02,C050,Feijao,29.02,4,116.08
2025-04-23,C065,Refrigerante,26.48,1,26.48
2025-04-15,C013,Salsicha,22.23,1,22.23
2025-03-09,C084,Feijao,15.15,1,15.15
2025-03-26,C044,Farinha,4.25,6,25.5
2025-05-05,C087,Azeite,19.55,3,58.650000000000006
2025-03-15,C070,Geleia,3.92,5,19.6
2025-01-26,C030,Acucar,23.51,4,94.04
2025-01-08,C057,Macarrao,10.39,6,62.34
2025-04-06,C006,Biscoito,10.21,1,10.21
2025-05-25,C056,Feijao,16.87,2,33.74
2025-04-08,C088,Molho_de_Tomate,6.9,2,13.8
2025-02-06,C080,Lenco_Umedecido,27.56,4,110.24
2025-03-07,C030,Salsicha,9.11,6,54.66
2025-05-20,C086,Pao,21.78,4,87.12
2025-05-31,C021,Cafe,28.47,4,113.88
2025-03-19,C039,Hamburguer,9.0,6,54.0
2025-04-08,C026,Azeite,4.99,4,19.96
2025-03-17,C074,Sabonete,10.28,5,51.4
2025-01-13,C003,Farinha,2.23,3,6.6899999999999995
2025-02-28,C078,Iogurte,23.72,3,71.16
2025-03-06,C078,Sabonete,19.83,2,39.66
2025-01-11,C087,Arroz,4.72,6,28.32
2025-02-03,C040,Pao_de_Hamburguer,18.23,1,18.23
2025-02-14,C012,Detergente,22.93,3,68.78999999999999
2025-04-04,C026,Arroz,26.54,5,132.7
2025-03-07,C068,Granola,25.25,3,75.75
2025-01-30,C062,Detergente,26.37,6,158.22
2025-02-27,C060,Cafe,23.12,2,46.24
2025-04-12,C087,Farinha,12.24,5,61.2
2025-04-05,C002,Shampoo,5.46,5,27.3
2025-04-06,C087,Shampoo,12.67,5,63.35
2025-05-24,C014,Fralda,2.7,4,10.8
2025-04-29,C042,Fralda,3.77,6,22.62
2025-02-05,C090,Esponja,13.43,6,80.58
2025-01-30,C006,Geleia,29.89,3,89.67
2025-04-27,C013,Lenco_Umedecido,5.8,5,29.0
2025-02-09,C048,Fermento,22.78,5,113.9
2025-03-13,C054,Queijo,28.86,4,115.44
2025-03-02,C005,Arroz_Integral,14.41,2,28.82
2025-04-02,C047,Queijo,18.43,6,110.58
2025-02-01,C008,Farinha,7.31,3,21.93
2025-01-06,C059,Acucar,6.35,6,38.099999999999994
2025-05-25,C007,Refrigerante,29.69,2,59.38
2025-02-25,C027,Cafe,7.8,5,39.0
2025-01-01,C030,Refrigerante,24.08,2,48.16
2025-02-14,C036,Feijao,17.13,2,34.26
2025-03-02,C015,Manteiga,2.42,2,4.84
2025-01-14,C076,Biscoito,6.88,1,6.88
2025-01-17,C017,Fermento,5.18,5,25.9
2025-01-28,C061,Pao_de_Hamburguer,16.37,3,49.11
2025-01-12,C058,Granola,28.47,2,56.94
2025-01-08,C094,Esponja,20.01,4,80.04
2025-01-28,C008,Pao_de_Hot_Dog,13.94,4,55.76
2025-03-24,C063,Pao_de_Hamburguer,27.18,1,27.18
2025-05-30,C078,Feijao,5.53,1,5.53
2025-05-16,C071,Biscoito,29.85,4,119.4
2025-01-26,C038,Salsicha,18.95,5,94.75
2025-05-22,C090,Vinho,30.34,6,182.04
2025-02-28,C093,Carvao,14.64,4,58.56
2025-01-25,C053,Refrigerante,13.16,4,52.64
2025-04-06,C041,Hamburguer,20.62,3,61.86
2025-01-22,C020,Pao_de_Hot_Dog,4.55,1,4.55
2025-04-06,C012,Hamburguer,22.85,1,22.85
2025-05-24,C017,Leite,23.03,5,115.15
2025-04-19,C043,Vinho,17.85,4,71.4
2025-04-01,C093,Leite,15.05,3,45.150000000000006
2025-05-04,C014,Granola,6.33,2,12.66
2025-04-05,C029,Queijo,38.51,3,115.53
2025-04-20,C015,Condicionador,8.33,5,41.65
2025-03-10,C072,Manteiga,28.01,5,140.05
2025-03-21,C004,Molho_de_Tomate,21.68,3,65.03999999999999
2025-02-06,C044,Sabonete,7.08,1,7.08
2025-01-08,C073,Farinha,5.97,1,5.97
2025-03-29,C012,Carvao,13.76,4,55.04
2025-05-26,C021,Arroz_Integral,22.2,3,66.6
2025-01-13,C077,Acucar,5.09,1,5.09
2025-04-19,C087,Acucar,11.53,3,34.589999999999996
2025-05-12,C063,Pao_de_Hamburguer,9.65,4,38.6
2025-05-05,C015,Sabonete,5.1,4,20.4
2025-01-15,C068,Esponja,8.17,1,8.17
2025-02-05,C001,Carvao,28.47,3,85.41
2025-01-02,C098,Shampoo,11.19,3,33.57
2025-05-17,C064,Hamburguer,5.62,2,11.24
2025-04-01,C091,Fralda,17.64,5,88.2
2025-01-05,C010,Farinha,3.18,6,19.080000000000002
2025-05-27,C059,Cafe,18.12,3,54.36
2025-01-06,C052,Fermento,5.22,3,15.66
2025-04-03,C042,Macarrao,14.88,5,74.4
2025-05-31,C012,Hamburguer,8.81,1,8.81
2025-03-28,C052,Acucar,21.1,4,84.4
2025-01-30,C029,Refrigerante,4.14,2,8.28
2025-03-31,C068,Granola,27.37,2,54.74
2025-03-07,C045,Feijao,4.88,2,9.76
2025-01-20,C026,Molho_de_Tomate,6.28,5,31.400000000000002
2025-05-29,C023,Iogurte,23.12,4,92.48
2025-04-23,C058,Biscoito,10.85,6,65.1
2025-03-12,C009,Pao_de_Hot_Dog,19.68,4,78.72
2025-03-21,C076,Leite,12.97,3,38.910000000000004
2025-03-15,C060,Pao_de_Hamburguer,3.59,1,3.59
2025-04-09,C010,Acucar,14.9,5,74.5
2025-05-27,C060,Geleia,27.45,4,109.8
2025-05-09,C084,Cerveja,18.94,3,56.82000000000001
2025-03-29,C020,Leite,3.92,4,15.68
2025-01-11,C092,Acucar,16.07,5,80.35
2025-02-10,C032,Pao_de_Hamburguer,16.67,4,66.68
2025-03-28,C047,Arroz_Integral,12.85,3,38.55
2025-01-17,C087,Leite,16.1,6,96.60000000000001
2025-03-14,C043,Queijo,31.48,5,157.4
2025-02-06,C033,Feijao,4.28,3,12.84
2025-04-11,C045,Esponja,21.56,6,129.35999999999999
2025-03-26,C017,Acucar,14.12,3,42.36
2025-05-11,C017,Acucar,16.62,6,99.72
2025-02-24,C047,Manteiga,10.65,3,31.950000000000003
2025-02-05,C044,Iogurte,8.34,2,16.68
2025-01-26,C020,Cafe,25.64,3,76.92
2025-02-03,C065,Geleia,11.43,6,68.58
2025-02-12,C077,Azeite,6.54,2,13.08
2025-03-02,C093,Pao_de_Hamburguer,13.5,1,13.5
2025-03-01,C057,Detergente,23.95,6,143.7
2025-05-01,C069,Lenco_Umedecido,29.04,3,87.12
2025-04-23,C025,Arroz_Integral,28.52,6,171.12
2025-04-18,C060,Detergente,16.08,4,64.32
2025-03-06,C021,Cerveja,5.88,5,29.4
2025-01-27,C007,Pao_de_Hot_Dog,17.53,3,52.59
2025-02-11,C092,Vinho,6.52,3,19.56
2025-04-22,C035,Pao_de_Hamburguer,6.13,5,30.65
2025-01-07,C012,Fralda,26.77,4,107.08
2025-03-02,C054,Leite,12.85,4,51.4
2025-03-23,C050,Acucar,6.63,3,19.89
2025-03-15,C013,Refrigerante,5.85,2,11.7
2025-01-02,C061,Arroz,15.14,6,90.84
2025-02-08,C011,Manteiga,8.04,3,24.119999999999997
2025-03-02,C071,Hamburguer,23.73,1,23.73
2025-04-28,C039,Vinho,13.02,1,13.02
2025-01-05,C009,Vinho,28.07,4,112.28
2025-02-06,C081,Granola,8.77,5,43.849999999999994
2025-03-03,C038,Hamburguer,19.21,1,19.21
2025-01-22,C074,Fermento,20.6,2,41.2
2025-05-20,C068,Arroz_Integral,28.7,1,28.7
2025-05-01,C065,Granola,2.57,5,12.85
2025-01-05,C006,Azeite,9.1,3,27.299999999999997
2025-01-27,C046,Cafe,8.75,3,26.25
2025-05-20,C099,Refrigerante,3.24,2,6.48
2025-05-03,C044,Molho_de_Tomate,15.01,6,90.06
2025-04-28,C081,Molho_de_Tomate,3.77,2,7.54
2025-02-21,C005,Detergente,3.23,2,6.46
2025-05-20,C006,Biscoito,16.43,3,49.29
2025-02-18,C061,Shampoo,23.09,1,23.09
2025-03-26,C037,Sabonete,26.24,1,26.24
2025-04-13,C035,Vinho,21.34,3,64.02
2025-02-17,C096,Pao_de_Hamburguer,11.49,4,45.96
2025-05-13,C064,Iogurte,27.88,3,83.64
2025-04-21,C035,Acucar,11.11,6,66.66
2025-01-27,C078,Molho_de_Tomate,10.23,5,51.150000000000006
2025-04-25,C011,Biscoito,10.28,6,61.67999999999999
2025-03-31,C078,Hamburguer,21.31,2,42.62
2025-04-01,C058,Geleia,26.36,6,158.16
2025-01-15,C079,Hamburguer,19.91,3,59.730000000000004
2025-02-10,C010,Farinha,16.37,3,49.11
2025-04-23,C004,Feijao,20.99,5,104.94999999999999
2025-04-04,C005,Arroz,8.61,1,8.61
2025-02-09,C047,Azeite,2.91,5,14.55
2025-01-20,C087,Pao_de_Hamburguer,12.42,3,37.26
2025-03-22,C074,Arroz,12.27,5,61.349999999999994
2025-01-07,C084,Condicionador,28.89,2,57.78
2025-05-24,C095,Molho_de_Tomate,16.5,4,66.0
2025-02-24,C016,Shampoo,21.71,3,65.13
2025-05-06,C079,Detergente,27.66,6,165.96
2025-04-26,C026,Vinho,38.82,2,77.64
2025-03-23,C023,Pao_de_Hamburguer,24.69,1,24.69
2025-05-19,C086,Sabonete,3.82,6,22.919999999999998
2025-02-14,C038,Esponja,21.93,2,43.86
2025-02-21,C047,Granola,5.4,2,10.8
2025-05-22,C018,Lenco_Umedecido,2.74,4,10.96
2025-05-22,C074,Arroz_Integral,24.5,4,98.0
2025-05-03,C017,Acucar,8.53,1,8.53
2025-01-19,C068,Fermento,25.05,4,100.2
2025-04-30,C017,Biscoito,4.08,6,24.48
2025-05-22,C088,Sabonete,26.58,2,53.16
2025-01-15,C082,Molho_de_Tomate,14.11,2,28.22
2025-03-24,C016,Feijao,6.61,3,19.830000000000002
2025-05-13,C091,Fralda,28.53,3,85.59
2025-05-22,C037,Acucar,6.0,3,18.0
2025-05-17,C036,Arroz,10.48,6,62.88
2025-05-29,C012,Granola,6.72,6,40.32
2025-03-28,C020,Macarrao,19.49,6,116.94
2025-05-28,C073,Geleia,4.27,1,4.27
2025-01-08,C034,Carvao,13.66,5,68.3
2025-05-04,C064,Detergente,28.79,6,172.74
2025-01-16,C032,Farinha,14.7,3,44.099999999999994
2025-02-22,C021,Pao_de_Hamburguer,15.56,4,62.24
2025-03-23,C044,Feijao,26.12,3,78.36
2025-04-05,C094,Sabonete,5.66,4,22.64
2025-02-01,C066,Queijo,13.15,3,39.45
2025-01-13,C035,Pao_de_Hamburguer,5.94,2,11.88
2025-02-10,C038,Azeite,13.71,5,68.55000000000001
2025-05-08,C042,Biscoito,23.37,2,46.74
2025-05-08,C066,Salsicha,26.61,4,106.44
2025-03-03,C003,Acucar,12.92,4,51.68
2025-05-07,C028,Sabonete,3.42,1,3.42
2025-01-28,C077,Pao_de_Hot_Dog,17.03,3,51.09
2025-04-14,C056,Arroz,22.37,3,67.11
2025-05-24,C047,Geleia,3.43,4,13.72
2025-04-09,C025,Arroz_Integral,10.08,5,50.4
2025-01-31,C065,Pao_de_Hamburguer,9.83,5,49.15
2025-03-28,C017,Queijo,18.67,4,74.68
2025-05-11,C072,Arroz_Integral,7.57,2,15.14
2025-02-05,C052,Granola,3.27,1,3.27
2025-02-08,C092,Refrigerante,16.54,4,66.16
2025-03-23,C078,Granola,11.18,2,22.36
2025-03-18,C021,Farinha,22.7,5,113.5
2025-05-17,C076,Refrigerante,25.19,5,125.95
2025-04-05,C063,Esponja,24.84,4,99.36
2025-01-07,C043,Vinho,27.51,4,110.04
2025-05-29,C077,Pao_de_Hot_Dog,29.08,3,87.24
2025-05-03,C074,Fralda,3.44,6,20.64
2025-03-04,C022,Azeite,25.01,2,50.02
2025-03-22,C005,Vinho,3.79,2,7.58
2025-04-16,C054,Feijao,21.33,4,85.32
2025-02-05,C065,Pao_de_Hot_Dog,22.37,6,134.22
2025-05-03,C067,Carvao,11.1,5,55.5
2025-04-28,C068,Azeite,28.79,3,86.37
2025-03-09,C069,Refrigerante,11.92,5,59.6
2025-03-13,C079,Pao_de_Hot_Dog,28.81,2,57.62
2025-03-18,C072,Esponja,28.36,2,56.72
2025-05-06,C099,Detergente,7.8,6,46.8
2025-03-12,C041,Pao_de_Hot_Dog,17.69,3,53.07000000000001
2025-04-08,C037,Vinho,31.42,5,157.10000000000002
2025-03-15,C051,Sabonete,10.13,2,20.26
2025-03-07,C092,Acucar,22.3,3,66.9
2025-05-18,C096,Pao_de_Hot_Dog,7.66,2,15.32
2025-05-31,C035,Condicionador,5.06,2,10.12
2025-05-16,C031,Lenco_Umedecido,20.76,1,20.76
2025-03-26,C029,Fralda,4.81,1,4.81
2025-02-05,C092,Pao_de_Hot_Dog,21.07,1,21.07
2025-05-02,C001,Macarrao,20.28,4,81.12
2025-01-16,C062,Cerveja,10.99,3,32.97
2025-05-17,C099,Acucar,14.46,6,86.76
2025-02-15,C095,Geleia,13.7,2,27.4
2025-03-16,C005,Farinha,7.22,4,28.88
2025-01-28,C005,Pao,14.32,3,42.96
2025-05-20,C043,Detergente,29.69,4,118.76
2025-04-30,C068,Iogurte,25.83,2,51.66
2025-04-28,C035,Cerveja,11.26,1,11.26
2025-03-28,C083,Shampoo,7.21,6,43.26
2025-04-14,C038,Cerveja,19.11,2,38.22
2025-01-25,C055,Granola,4.43,3,13.29
2025-03-05,C024,Arroz,11.06,4,44.24
2025-03-10,C001,Shampoo,8.59,4,34.36
2025-01-03,C043,Esponja,22.24,5,111.19999999999999
2025-01-31,C034,Arroz_Integral,8.62,6,51.72
2025-05-09,C060,Esponja,13.35,2,26.7
2025-03-17,C091,Esponja,5.29,6,31.740000000000002
2025-05-03,C048,Fralda,28.81,2,57.62
2025-04-06,C020,Salsicha,29.69,6,178.14000000000001
2025-02-25,C054,Pao_de_Hot_Dog,24.46,5,122.30000000000001
2025-01-21,C098,Lenco_Umedecido,23.13,6,138.78
2025-01-20,C068,Pao_de_Hamburguer,21.71,5,108.55000000000001
2025-05-10,C073,Vinho,37.81,1,37.81
2025-05-14,C026,Feijao,11.19,2,22.38
2025-05-30,C057,Vinho,11.62,6,69.72
2025-01-15,C063,Acucar,11.58,5,57.9
2025-05-25,C059,Arroz,13.63,5,68.15
2025-01-06,C008,Salsicha,24.59,6,147.54
2025-05-29,C051,Shampoo,22.88,1,22.88
2025-01-17,C010,Geleia,11.65,4,46.6
2025-05-01,C070,Leite,23.69,1,23.69
2025-02-04,C005,Detergente,7.04,4,28.16
2025-04-08,C099,Fermento,29.8,3,89.4
2025-05-19,C058,Azeite,4.25,4,17.0
2025-05-18,C018,Sabonete,7.0,1,7.0
2025-01-01,C051,Arroz,29.4,6,176.39999999999998
2025-05-20,C097,Manteiga,14.96,3,44.88
2025-03-30,C055,Azeite,8.93,2,17.86
2025-01-29,C020,Condicionador,28.25,2,56.5
2025-01-05,C005,Fermento,23.45,5,117.25
2025-01-09,C031,Carvao,4.83,1,4.83
2025-04-13,C058,Leite,18.19,2,36.38
2025-01-15,C057,Fralda,8.08,5,40.4
2025-05-28,C018,Granola,8.56,3,25.68
2025-02-06,C041,Biscoito,10.45,2,20.9
2025-01-16,C085,Fralda,10.41,4,41.64
2025-05-23,C072,Molho_de_Tomate,21.01,6,126.06
2025-04-08,C064,Leite,22.69,3,68.07000000000001
2025-02-08,C068,Biscoito,13.66,6,81.96000000000001
2025-05-02,C039,Azeite,23.12,2,46.24
2025-02-06,C031,Fralda,26.01,3,78.03
2025-04-17,C060,Leite,10.84,5,54.2
2025-02-22,C072,Arroz,8.8,4,35.2
2025-01-24,C043,Acucar,20.58,4,82.32
2025-01-11,C069,Cerveja,9.52,1,9.52
2025-05-24,C010,Cerveja,22.28,5,111.4
2025-03-27,C028,Pao_de_Hot_Dog,26.35,2,52.7
2025-01-31,C039,Pao,22.59,2,45.18
2025-02-22,C096,Pao_de_Hot_Dog,21.48,2,42.96
2025-03-14,C051,Lenco_Umedecido,11.01,5,55.05
2025-03-20,C049,Salsicha,20.16,5,100.8
2025-04-30,C034,Arroz_Integral,26.72,5,133.6
2025-04-05,C013,Pao_de_Hot_Dog,27.6,3,82.80000000000001
2025-02-26,C041,Fermento,17.75,1,17.75
2025-05-30,C095,Feijao,9.3,1,9.3
2025-03-26,C075,Fermento,6.27,3,18.81
2025-05-08,C030,Azeite,25.33,5,126.64999999999999
2025-05-06,C071,Refrigerante,23.37,3,70.11
2025-04-01,C093,Iogurte,6.71,4,26.84
2025-02-17,C022,Arroz,17.3,6,103.80000000000001
2025-01-20,C070,Leite,2.36,5,11.799999999999999
2025-03-01,C086,Leite,10.84,1,10.84
2025-04-27,C009,Feijao,8.12,1,8.12
2025-05-04,C048,Leite,15.89,5,79.45
2025-05-22,C085,Iogurte,2.19,1,2.19
2025-03-12,C053,Pao,13.46,1,13.46
2025-04-21,C069,Detergente,16.06,1,16.06
2025-03-03,C023,Queijo,25.02,1,25.02
2025-04-12,C025,Shampoo,9.49,3,28.47
2025-03-04,C011,Arroz_Integral,14.85,4,59.4
2025-01-21,C090,Fralda,21.15,3,63.449999999999996
2025-04-07,C084,Geleia,13.35,1,13.35
2025-02-13,C071,Pao_de_Hot_Dog,19.83,1,19.83
2025-03-26,C011,Iogurte,20.06,4,80.24
2025-02-28,C073,Queijo,41.61,5,208.05
2025-01-20,C028,Pao_de_Hot_Dog,3.3,3,9.899999999999999
2025-01-09,C088,Condicionador,17.78,5,88.9
2025-05-31,C023,Biscoito,28.92,1,28.92
2025-05-25,C019,Farinha,10.38,1,10.38
2025-03-26,C031,Azeite,27.1,6,162.60000000000002
2025-05-09,C050,Arroz,22.28,6,133.68
2025-03-01,C096,Sabonete,4.74,1,4.74
2025-04-12,C010,Refrigerante,23.53,5,117.65
2025-04-26,C100,Biscoito,19.76,1,19.76
2025-04-07,C063,Fralda,17.49,3,52.47
2025-04-08,C056,Molho_de_Tomate,18.4,6,110.39999999999999
2025-01-22,C011,Detergente,21.97,2,43.94
2025-02-09,C035,Feijao,21.93,4,87.72
2025-01-24,C095,Azeite,12.1,3,36.3
2025-03-11,C001,Esponja,12.08,4,48.32
2025-04-25,C014,Arroz,7.25,1,7.25
2025-01-23,C072,Granola,4.89,4,19.56
2025-03-25,C046,Acucar,15.0,5,75.0
2025-01-22,C050,Pao,10.87,3,32.61
2025-04-08,C093,Lenco_Umedecido,16.59,5,82.95
2025-05-07,C022,Arroz,10.43,3,31.29
2025-04-18,C019,Cafe,14.17,2,28.34
2025-03-05,C039,Pao_de_Hot_Dog,12.11,1,12.11
2025-04-28,C093,Iogurte,19.27,5,96.35
2025-04-12,C014,Arroz,2.19,3,6.57
2025-04-21,C043,Azeite,14.33,3,42.99
2025-02-21,C084,Arroz,10.98,3,32.94
2025-03-23,C062,Biscoito,29.01,2,58.02
2025-03-25,C038,Iogurte,23.9,5,119.5
2025-05-25,C049,Condicionador,12.22,4,48.88
2025-01-07,C026,Molho_de_Tomate,23.49,6,140.94
2025-03-16,C094,Salsicha,7.87,6,47.22
2025-02-05,C089,Cafe,20.84,4,83.36
2025-02-09,C082,Esponja,9.08,2,18.16
2025-05-03,C092,Hamburguer,4.07,4,16.28
2025-04-18,C075,Farinha,16.19,5,80.95
2025-05-18,C070,Geleia,21.65,3,64.94999999999999
2025-04-01,C077,Acucar,18.82,1,18.82
2025-04-13,C022,Geleia,29.54,5,147.7
2025-01-26,C097,Refrigerante,4.97,4,19.88
2025-05-23,C034,Fralda,22.91,5,114.55
2025-04-29,C075,Fralda,12.48,4,49.92
2025-01-07,C099,Granola,11.66,2,23.32
2025-01-22,C062,Queijo,20.48,3,61.44
2025-04-27,C015,Feijao,10.73,3,32.19
2025-04-23,C027,Pao_de_Hot_Dog,15.33,3,45.99
2025-01-12,C093,Pao_de_Hamburguer,3.88,3,11.64
2025-01-28,C091,Vinho,38.67,1,38.67
2025-02-14,C087,Macarrao,8.83,6,52.980000000000004
2025-04-29,C071,Macarrao,17.68,3,53.04
2025-04-21,C030,Farinha,7.16,6,42.96
2025-02-20,C051,Manteiga,19.19,6,115.14000000000001
2025-02-24,C058,Hamburguer,2.12,4,8.48
2025-01-17,C027,Condicionador,24.64,6,147.84
2025-03-25,C074,Queijo,10.85,5,54.25
2025-05-06,C026,Salsicha,9.35,1,9.35
2025-04-11,C068,Biscoito,12.88,5,64.4
2025-04-28,C076,Vinho,17.79,3,53.37
2025-03-18,C080,Molho_de_Tomate,21.77,6,130.62
2025-01-31,C079,Acucar,4.6,6,27.599999999999998
2025-02-06,C031,Esponja,7.13,1,7.13
2025-05-28,C066,Azeite,18.7,4,74.8
2025-05-18,C050,Hamburguer,15.63,2,31.26
2025-03-15,C089,Molho_de_Tomate,6.67,5,33.35
2025-01-14,C018,Molho_de_Tomate,25.58,3,76.74
2025-04-09,C046,Pao,4.66,4,18.64
2025-05-06,C072,Granola,15.86,6,95.16
2025-05-25,C054,Pao_de_Hamburguer,6.68,4,26.72
2025-02-27,C004,Fralda,2.92,3,8.76
2025-05-25,C069,Detergente,23.86,2,47.72
2025-05-27,C096,Iogurte,16.3,5,81.5
2025-04-04,C015,Condicionador,25.05,5,125.25
2025-02-25,C070,Geleia,14.36,6,86.16
2025-03-05,C055,Queijo,37.86,6,227.16
2025-01-23,C039,Geleia,9.36,4,37.44
2025-05-31,C057,Vinho,11.82,2,23.64
2025-04-20,C089,Sabonete,19.09,6,114.53999999999999
2025-01-16,C022,Arroz,24.78,2,49.56
2025-05-18,C073,Sabonete,9.87,5,49.349999999999994
2025-05-27,C022,Biscoito,10.19,6,61.14
2025-02-04,C035,Granola,24.83,6,148.98
2025-02-02,C097,Fermento,29.79,1,29.79
2025-03-24,C090,Arroz,6.09,2,12.18
2025-03-10,C032,Farinha,5.98,4,23.92
2025-01-24,C081,Fermento,14.66,4,58.64
2025-04-05,C052,Granola,9.79,6,58.739999999999995
2025-01-24,C059,Iogurte,18.29,3,54.87
2025-04-02,C094,Salsicha,20.6,6,123.60000000000001
2025-02-24,C009,Farinha,29.11,2,58.22
2025-03-28,C064,Condicionador,25.19,3,75.57000000000001
2025-03-29,C071,Arroz,25.87,5,129.35
2025-04-28,C088,Leite,3.83,1,3.83
2025-01-01,C003,Vinho,21.54,2,43.08
2025-03-19,C055,Cerveja,27.46,6,164.76
2025-03-06,C021,Condicionador,20.33,1,20.33
2025-02-12,C011,Arroz_Integral,27.31,6,163.85999999999999
2025-03-01,C007,Farinha,10.55,6,63.300000000000004
2025-02-24,C055,Acucar,3.74,6,22.44
2025-05-13,C062,Cafe,18.62,2,37.24
2025-03-29,C088,Pao_de_Hamburguer,2.23,1,2.23
2025-01-19,C016,Hamburguer,5.7,6,34.2
2025-01-27,C030,Azeite,22.46,1,22.46
2025-02-05,C014,Biscoito,26.67,3,80.01
2025-02-06,C049,Arroz,29.8,6,178.8
2025-04-23,C009,Pao,16.16,5,80.8
2025-04-16,C045,Carvao,22.95,6,137.7
2025-01-26,C079,Pao_de_Hamburguer,4.43,2,8.86
2025-03-31,C018,Vinho,33.66,5,168.29999999999998
2025-01-22,C055,Biscoito,8.94,2,17.88
2025-03-19,C032,Detergente,2.75,6,16.5
2025-03-17,C027,Granola,22.94,2,45.88
2025-01-29,C083,Leite,12.69,2,25.38
2025-05-16,C031,Iogurte,18.63,6,111.78
2025-05-26,C002,Arroz_Integral,5.7,3,17.1
2025-05-01,C054,Arroz_Integral,21.12,5,105.60000000000001
2025-01-04,C099,Cafe,18.45,1,18.45
2025-04-12,C034,Carvao,27.83,1,27.83
2025-04-17,C065,Detergente,21.95,6,131.7
2025-05-18,C055,Farinha,19.94,1,19.94
2025-01-21,C079,Feijao,4.34,3,13.02
2025-04-11,C066,Carvao,17.02,2,34.04
2025-03-03,C076,Cafe,21.56,3,64.67999999999999
2025-01-30,C008,Lenco_Umedecido,27.89,1,27.89
2025-02-14,C059,Leite,16.52,3,49.56
2025-01-03,C016,Pao,4.67,6,28.02
2025-03-08,C021,Iogurte,16.64,3,49.92
2025-03-10,C022,Arroz_Integral,22.99,2,45.98
2025-04-20,C094,Vinho,17.07,1,17.07
2025-05-28,C035,Cafe,21.95,3,65.85
2025-04-03,C081,Cafe,14.75,4,59.0
2025-02-10,C008,Iogurte,6.67,5,33.35
2025-01-30,C033,Queijo,31.32,5,156.6
2025-01-04,C030,Granola,3.23,1,3.23
2025-02-08,C032,Geleia,12.19,4,48.76
2025-04-18,C023,Geleia,24.49,5,122.44999999999999
2025-03-23,C029,Biscoito,13.66,2,27.32
2025-05-09,C035,Cafe,12.44,5,62.199999999999996
2025-05-13,C087,Leite,6.6,2,13.2
2025-03-14,C006,Farinha,26.56,1,26.56
2025-04-27,C100,Esponja,4.42,3,13.26
2025-03-19,C002,Arroz_Integral,10.16,2,20.32
2025-05-07,C095,Lenco_Umedecido,12.31,4,49.24
2025-03-04,C099,Cerveja,27.21,6,163.26
2025-05-19,C020,Pao,2.14,4,8.56
2025-04-07,C045,Pao,1.63,3,4.89
2025-03-02,C095,Esponja,7.75,1,7.75
2025-02-06,C054,Iogurte,29.23,1,29.23
2025-03-01,C092,Condicionador,3.23,1,3.23
2025-04-28,C067,Fermento,27.08,6,162.48
2025-02-04,C096,Acucar,3.74,5,18.700000000000003
2025-01-16,C082,Farinha,18.57,1,18.57
2025-03-22,C056,Arroz,10.17,2,20.34
2025-03-01,C051,Biscoito,14.68,3,44.04
2025-05-30,C010,Cerveja,23.84,2,47.68
2025-04-30,C014,Feijao,6.6,1,6.6
2025-02-23,C041,Fermento,17.01,1,17.01
2025-01-31,C058,Esponja,9.42,4,37.68
2025-01-11,C012,Macarrao,10.52,6,63.12
2025-03-05,C028,Biscoito,4.55,2,9.1
2025-03-18,C046,Farinha,3.37,5,16.85
2025-04-26,C034,Molho_de_Tomate,28.66,1,28.66
2025-02-05,C072,Lenco_Umedecido,14.94,1,14.94
2025-02-26,C016,Pao,20.2,1,20.2
2025-01-22,C017,Cerveja,12.42,4,49.68
2025-01-17,C075,Shampoo,2.61,1,2.61
2025-03-26,C026,Pao_de_Hamburguer,4.58,2,9.16
2025-05-27,C016,Geleia,3.42,4,13.68
2025-04-20,C056,Farinha,2.83,4,11.32
2025-03-12,C023,Sabonete,27.43,2,54.86
2025-03-04,C036,Pao_de_Hamburguer,2.97,2,5.94
2025-05-21,C083,Detergente,13.54,4,54.16
2025-02-05,C062,Leite,7.86,1,7.86
2025-05-15,C054,Cerveja,26.77,6,160.62
2025-04-02,C032,Manteiga,23.89,4,95.56
2025-05-09,C062,Iogurte,27.55,3,82.65
2025-03-23,C042,Azeite,7.03,3,21.09
2025-03-13,C077,Fralda,27.08,1,27.08
2025-05-30,C008,Pao_de_Hot_Dog,12.01,5,60.05
2025-03-03,C030,Macarrao,8.94,1,8.94
2025-04-10,C035,Leite,14.5,2,29.0
2025-03-23,C046,Molho_de_Tomate,8.62,2,17.24
2025-04-01,C095,Sabonete,2.79,5,13.95
2025-05-07,C073,Feijao,28.55,5,142.75
2025-01-24,C070,Esponja,15.73,2,31.46
2025-05-15,C008,Fralda,8.13,5,40.650000000000006
2025-02-21,C062,Pao,22.16,3,66.48
2025-03-24,C017,Refrigerante,6.97,6,41.82
2025-02-06,C008,Manteiga,18.43,2,36.86
2025-01-19,C100,Vinho,39.15,5,195.75
2025-03-19,C048,Farinha,4.83,5,24.15
2025-04-22,C042,Arroz,22.51,2,45.02
2025-05-24,C082,Iogurte,10.88,6,65.28
2025-02-14,C089,Sabonete,20.63,2,41.26
2025-02-02,C049,Esponja,21.28,6,127.68
2025-04-11,C023,Pao,22.85,6,137.10000000000002
2025-02-26,C099,Geleia,18.87,2,37.74
2025-01-20,C082,Queijo,8.91,4,35.64
2025-01-23,C031,Sabonete,6.7,3,20.1
2025-02-23,C091,Refrigerante,2.32,4,9.28
2025-01-28,C032,Cafe,9.19,3,27.57
2025-04-18,C093,Pao,10.25,1,10.25
2025-03-31,C022,Fermento,26.69,4,106.76
2025-05-28,C070,Azeite,25.21,1,25.21
2025-01-09,C084,Fralda,14.64,2,29.28
2025-01-27,C038,Manteiga,9.31,3,27.93
2025-02-11,C010,Refrigerante,26.86,2,53.72
2025-01-24,C094,Cafe,28.37,5,141.85
2025-02-12,C044,Pao_de_Hot_Dog,2.87,6,17.22
2025-03-26,C078,Hamburguer,3.5,2,7.0
2025-05-19,C027,Cerveja,21.52,4,86.08
2025-01-13,C034,Detergente,8.65,3,25.950000000000003
2025-01-01,C051,Iogurte,3.53,2,7.06
2025-05-03,C055,Acucar,20.06,3,60.17999999999999
2025-03-16,C026,Queijo,11.69,1,11.69
2025-04-12,C011,Pao_de_Hot_Dog,10.63,1,10.63
2025-05-20,C061,Iogurte,9.42,6,56.519999999999996
2025-04-05,C050,Molho_de_Tomate,26.79,3,80.37
2025-04-30,C024,Pao_de_Hamburguer,9.37,1,9.37
2025-02-08,C034,Fralda,17.8,3,53.400000000000006
2025-05-19,C097,Queijo,31.07,1,31.07
2025-04-10,C053,Fralda,3.71,5,18.55
2025-05-02,C067,Fermento,21.24,5,106.19999999999999
2025-04-12,C074,Lenco_Umedecido,10.37,4,41.48
2025-05-13,C092,Geleia,17.99,5,89.94999999999999
2025-04-25,C074,Feijao,28.58,1,28.58
2025-02-02,C023,Macarrao,24.64,2,49.28
2025-04-22,C006,Hamburguer,29.67,1,29.67
2025-01-18,C026,Feijao,9.22,5,46.1
2025-03-25,C012,Azeite,13.13,5,65.65
2025-05-31,C036,Salsicha,24.02,1,24.02
2025-02-07,C067,Fermento,13.6,1,13.6
2025-01-26,C073,Queijo,26.64,1,26.64
2025-05-05,C037,Sabonete,9.4,4,37.6
2025-04-14,C074,Pao_de_Hot_Dog,6.82,1,6.82
2025-03-26,C019,Farinha,13.08,1,13.08
2025-03-10,C089,Lenco_Umedecido,22.88,1,22.88
2025-03-19,C048,Manteiga,24.89,3,74.67
2025-01-26,C040,Condicionador,26.03,4,104.12
2025-04-24,C030,Arroz,29.28,3,87.84
2025-01-23,C100,Biscoito,22.41,3,67.23
2025-04-15,C025,Pao_de_Hamburguer,27.58,2,55.16
2025-01-15,C095,Iogurte,26.28,5,131.4
2025-05-10,C066,Macarrao,10.71,1,10.71
2025-01-08,C052,Arroz,26.62,5,133.1
2025-03-05,C023,Cerveja,25.44,2,50.88
2025-02-20,C005,Salsicha,27.7,1,27.7
2025-02-01,C036,Arroz_Integral,16.14,4,64.56
2025-04-25,C088,Manteiga,12.43,2,24.86
2025-03-30,C023,Pao_de_Hot_Dog,17.44,5,87.2
2025-01-24,C021,Shampoo,25.26,6,151.56
2025-05-27,C037,Manteiga,3.39,4,13.56
2025-02-22,C100,Carvao,20.13,2,40.26
2025-01-03,C035,Fermento,2.56,5,12.8
2025-01-03,C061,Arroz,6.85,6,41.099999999999994
2025-03-20,C029,Shampoo,24.54,5,122.69999999999999
2025-03-31,C092,Condicionador,27.07,4,108.28
2025-05-14,C059,Shampoo,15.07,2,30.14
2025-05-11,C080,Farinha,4.86,5,24.3
2025-03-14,C085,Arroz_Integral,20.13,5,100.64999999999999
2025-03-12,C039,Queijo,5.69,4,22.76
2025-03-18,C082,Biscoito,9.31,3,27.93
2025-01-15,C025,Feijao,23.43,5,117.15
2025-02-05,C077,Farinha,10.95,6,65.69999999999999
2025-03-17,C093,Manteiga,15.93,6,95.58
2025-01-10,C034,Fermento,12.87,4,51.48
2025-02-26,C075,Cerveja,22.34,3,67.02
2025-03-18,C088,Pao_de_Hot_Dog,12.04,6,72.24
2025-02-02,C022,Molho_de_Tomate,4.73,3,14.190000000000001
2025-02-16,C095,Shampoo,24.63,6,147.78
2025-04-01,C088,Refrigerante,4.5,6,27.0
2025-03-26,C029,Esponja,24.07,4,96.28
2025-01-31,C048,Shampoo,10.23,5,51.150000000000006
2025-01-19,C061,Leite,14.67,6,88.02
2025-04-08,C061,Cerveja,5.35,5,26.75
2025-02-08,C068,Esponja,3.51,4,14.04
2025-05-26,C018,Cerveja,13.46,3,40.38
2025-02-16,C059,Feijao,26.15,3,78.44999999999999
2025-02-15,C100,Acucar,9.05,4,36.2
2025-02-23,C041,Leite,11.73,1,11.73
2025-05-06,C098,Macarrao,23.41,5,117.05
2025-04-20,C098,Acucar,15.37,2,30.74
2025-01-10,C052,Hamburguer,12.73,4,50.92
2025-01-04,C069,Cerveja,12.45,6,74.69999999999999
2025-03-05,C042,Cerveja,20.95,1,20.95
2025-04-09,C029,Sabonete,5.61,3,16.830000000000002
2025-01-12,C065,Esponja,3.83,2,7.66
2025-05-15,C039,Detergente,22.38,4,89.52
2025-03-29,C044,Hamburguer,29.87,6,179.22
2025-04-14,C063,Sabonete,6.62,2,13.24
2025-02-03,C003,Fralda,22.36,2,44.72
2025-02-01,C028,Manteiga,16.13,5,80.64999999999999
2025-03-07,C047,Geleia,26.54,4,106.16
2025-01-28,C099,Leite,23.88,5,119.39999999999999
2025-04-17,C084,Manteiga,21.31,1,21.31
2025-05-02,C057,Azeite,17.32,1,17.32
2025-01-03,C090,Feijao,21.47,2,42.94
2025-05-14,C039,Fermento,4.83,6,28.98
2025-01-27,C035,Arroz,25.26,4,101.04
2025-01-28,C066,Vinho,7.79,3,23.37
2025-03-09,C064,Cerveja,7.59,5,37.95
2025-03-17,C067,Cerveja,21.7,3,65.1
2025-02-23,C021,Geleia,15.9,5,79.5
2025-01-04,C089,Pao_de_Hot_Dog,8.57,3,25.71
2025-05-07,C086,Acucar,20.31,1,20.31
2025-01-26,C020,Acucar,3.28,5,16.4
2025-03-17,C033,Fralda,29.68,4,118.72
2025-02-14,C034,Salsicha,4.79,1,4.79
2025-03-22,C006,Detergente,24.44,3,73.32000000000001
2025-01-12,C055,Vinho,38.74,1,38.74
2025-03-26,C002,Arroz,20.12,6,120.72
2025-01-24,C046,Pao_de_Hamburguer,9.51,5,47.55
2025-04-13,C048,Refrigerante,5.19,2,10.38
2025-05-03,C059,Condicionador,21.32,4,85.28
2025-01-16,C054,Macarrao,5.71,1,5.71
2025-05-04,C021,Queijo,41.27,4,165.08
2025-04-02,C073,Pao_de_Hamburguer,19.12,2,38.24
2025-02-03,C079,Manteiga,26.64,6,159.84
2025-04-23,C062,Iogurte,26.85,1,26.85
2025-01-04,C006,Cafe,20.34,3,61.019999999999996
2025-05-13,C091,Fralda,26.45,6,158.7
2025-03-05,C067,Queijo,30.8,4,123.2
2025-04-09,C062,Sabonete,20.94,6,125.64000000000001
2025-02-10,C020,Leite,16.02,1,16.02
2025-01-20,C065,Pao_de_Hot_Dog,26.34,4,105.36
2025-03-13,C097,Iogurte,8.74,3,26.22
2025-04-07,C007,Granola,17.41,2,34.82
2025-05-27,C052,Lenco_Umedecido,14.85,1,14.85
2025-01-31,C058,Acucar,11.62,4,46.48
2025-01-10,C064,Manteiga,13.3,1,13.3
2025-03-19,C072,Pao,19.34,1,19.34
2025-03-29,C066,Carvao,20.8,6,124.80000000000001
2025-03-26,C047,Leite,20.51,2,41.02
2025-04-26,C072,Pao_de_Hot_Dog,20.4,6,122.39999999999999
2025-03-29,C015,Queijo,12.32,6,73.92
2025-01-28,C046,Detergente,16.62,5,83.10000000000001
2025-04-15,C006,Macarrao,5.93,4,23.72
2025-01-31,C014,Shampoo,7.49,5,37.45
2025-02-18,C051,Carvao,25.09,4,100.36
2025-01-12,C092,Refrigerante,23.2,1,23.2
2025-05-31,C082,Vinho,22.21,4,88.84
2025-01-13,C065,Arroz,2.12,4,8.48
2025-05-11,C071,Hamburguer,15.52,5,77.6
2025-02-02,C100,Molho_de_Tomate,18.2,6,109.19999999999999
2025-03-24,C014,Azeite,18.82,6,112.92
2025-03-05,C065,Azeite,29.43,4,117.72
2025-04-26,C036,Farinha,29.17,3,87.51
2025-05-12,C018,Arroz,18.87,4,75.48
2025-05-22,C039,Biscoito,22.63,6,135.78
2025-03-16,C081,Carvao,7.87,2,15.74
2025-02-15,C088,Sabonete,5.71,6,34.26
2025-04-01,C065,Biscoito,5.23,6,31.380000000000003
2025-04-17,C072,Pao_de_Hot_Dog,17.98,5,89.9
2025-05-14,C087,Detergente,24.63,4,98.52
2025-01-15,C014,Manteiga,6.07,4,24.28
2025-03-06,C026,Condicionador,29.54,2,59.08
2025-02-22,C019,Leite,19.17,6,115.02000000000001
2025-01-27,C097,Geleia,24.79,3,74.37
2025-04-10,C079,Fralda,20.12,6,120.72
2025-01-13,C031,Granola,10.05,6,60.300000000000004
2025-03-22,C049,Azeite,28.79,4,115.16
2025-02-21,C071,Leite,18.26,1,18.26
2025-04-05,C080,Pao_de_Hamburguer,27.52,2,55.04
2025-03-17,C097,Cerveja,29.0,6,174.0
2025-02-14,C058,Molho_de_Tomate,4.09,6,24.54
2025-04-20,C095,Granola,12.56,1,12.56
2025-03-07,C036,Shampoo,6.51,2,13.02
2025-02-09,C001,Refrigerante,21.87,4,87.48
2025-03-19,C006,Feijao,18.71,3,56.13
2025-03-23,C063,Sabonete,23.95,1,23.95
2025-05-10,C068,Fralda,16.58,2,33.16
2025-01-24,C021,Fermento,17.04,5,85.19999999999999
2025-03-26,C045,Fralda,20.57,2,41.14
2025-05-16,C047,Detergente,28.61,2,57.22
2025-04-25,C061,Pao,16.58,1,16.58
2025-03-24,C031,Lenco_Umedecido,21.11,1,21.11
2025-03-14,C049,Vinho,13.77,4,55.08
2025-04-25,C004,Arroz_Integral,24.48,5,122.4
2025-02-19,C063,Geleia,27.15,3,81.44999999999999
2025-02-12,C042,Granola,28.55,1,28.55
2025-02-24,C099,Pao,3.06,6,18.36
2025-04-22,C088,Hamburguer,7.76,1,7.76
2025-01-07,C083,Cafe,21.21,6,127.26
2025-01-14,C059,Refrigerante,4.45,1,4.45
2025-02-28,C023,Shampoo,3.97,5,19.85
2025-04-14,C034,Fermento,14.63,4,58.52
2025-01-31,C056,Biscoito,12.91,1,12.91
2025-01-17,C069,Pao,17.74,6,106.44
2025-04-02,C097,Geleia,25.75,6,154.5
2025-03-19,C065,Queijo,36.05,3,108.14999999999999
2025-04-23,C078,Acucar,18.74,3,56.22
2025-02-10,C049,Farinha,2.86,6,17.16
2025-05-20,C069,Fralda,22.91,2,45.82
2025-04-06,C038,Feijao,20.96,3,62.88
2025-05-27,C002,Feijao,3.17,1,3.17
2025-01-22,C077,Farinha,17.33,5,86.64999999999999
2025-03-30,C040,Carvao,22.76,6,136.56
2025-02-06,C028,Fermento,25.84,6,155.04
2025-03-06,C021,Molho_de_Tomate,19.27,2,38.54
2025-05-26,C025,Vinho,31.18,2,62.36
2025-03-16,C007,Salsicha,17.39,6,104.34
2025-05-29,C086,Cafe,4.75,3,14.25
2025-03-02,C063,Refrigerante,5.59,3,16.77
2025-02-19,C013,Detergente,3.95,5,19.75
2025-03-20,C041,Iogurte,11.19,4,44.76
2025-03-22,C089,Feijao,17.87,5,89.35000000000001
2025-02-26,C055,Macarrao,10.77,1,10.77
2025-02-04,C092,Hamburguer,25.52,3,76.56
2025-04-02,C087,Refrigerante,14.96,4,59.84
2025-02-14,C100,Esponja,17.45,4,69.8
2025-02-05,C083,Acucar,20.83,3,62.489999999999995
2025-01-20,C069,Cerveja,22.54,3,67.62
2025-01-08,C094,Cafe,25.79,1,25.79
2025-01-10,C075,Farinha,7.96,5,39.8
2025-05-19,C071,Shampoo,27.03,5,135.15
2025-05-31,C061,Feijao,12.99,3,38.97
2025-05-11,C094,Detergente,15.01,2,30.02
2025-03-03,C012,Farinha,16.06,3,48.17999999999999
2025-02-10,C079,Macarrao,5.93,5,29.65
2025-04-02,C023,Feijao,22.5,6,135.0
2025-03-09,C006,Fralda,8.49,4,33.96
2025-05-13,C048,Fralda,20.72,1,20.72
2025-01-12,C047,Azeite,27.7,4,110.8
2025-05-14,C006,Biscoito,21.7,1,21.7
2025-05-20,C082,Condicionador,9.37,6,56.22
2025-04-04,C073,Molho_de_Tomate,20.3,4,81.2
2025-02-27,C076,Cafe,9.04,5,45.199999999999996
2025-03-30,C067,Farinha,24.88,3,74.64
2025-02-05,C063,Pao_de_Hot_Dog,2.18,5,10.9
2025-03-13,C057,Macarrao,4.16,2,8.32
2025-01-31,C028,Feijao,6.41,2,12.82
2025-01-30,C085,Fralda,24.71,4,98.84
2025-02-11,C062,Pao_de_Hot_Dog,7.9,4,31.6
2025-02-02,C083,Fermento,8.82,1,8.82
2025-01-11,C074,Macarrao,19.63,2,39.26
2025-02-16,C074,Feijao,6.66,1,6.66
2025-01-05,C067,Farinha,29.14,5,145.7
2025-05-01,C093,Detergente,8.06,1,8.06
2025-02-06,C062,Macarrao,25.25,2,50.5
2025-03-09,C075,Molho_de_Tomate,20.47,5,102.35
2025-01-18,C022,Refrigerante,18.7,4,74.8
2025-01-05,C030,Azeite,5.7,4,22.8
2025-02-08,C026,Granola,13.75,6,82.5
2025-01-10,C078,Queijo,22.98,2,45.96
2025-02-03,C069,Granola,4.61,1,4.61
2025-05-14,C078,Pao,16.14,6,96.84
2025-04-20,C054,Arroz_Integral,21.53,1,21.53
2025-05-28,C030,Pao_de_Hot_Dog,11.81,4,47.24
2025-03-01,C013,Hamburguer,9.13,2,18.26
2025-04-15,C011,Detergente,26.55,5,132.75
2025-01-02,C033,Cerveja,21.86,1,21.86
2025-02-22,C074,Vinho,3.3,5,16.5
2025-02-09,C089,Biscoito,12.14,4,48.56
2025-04-19,C055,Shampoo,25.94,3,77.82000000000001
2025-04-12,C073,Arroz_Integral,9.72,5,48.6
2025-05-23,C097,Carvao,17.46,4,69.84
2025-05-04,C062,Molho_de_Tomate,17.65,3,52.949999999999996
2025-04-12,C033,Esponja,11.64,5,58.2
2025-02-28,C095,Arroz,5.33,6,31.98
2025-04-13,C058,Macarrao,8.0,1,8.0
2025-01-02,C044,Leite,10.31,2,20.62
2025-04-22,C012,Feijao,27.92,4,111.68
2025-01-21,C012,Cafe,8.21,3,24.630000000000003
2025-04-13,C078,Geleia,12.76,6,76.56
2025-01-15,C079,Detergente,28.98,6,173.88
2025-01-03,C100,Molho_de_Tomate,15.84,6,95.03999999999999
2025-05-11,C026,Detergente,2.94,2,5.88
2025-01-10,C067,Fralda,6.75,5,33.75
2025-02-10,C047,Lenco_Umedecido,2.01,6,12.059999999999999
2025-04-12,C012,Condicionador,11.89,4,47.56
2025-01-18,C052,Cerveja,2.43,5,12.15
2025-05-30,C012,Detergente,25.23,6,151.38
2025-02-19,C045,Sabonete,8.34,3,25.02
2025-02-14,C059,Farinha,2.13,5,10.649999999999999
2025-05-09,C053,Granola,17.64,1,17.64
2025-03-07,C038,Refrigerante,24.48,1,24.48
2025-04-07,C069,Shampoo,14.4,6,86.4
2025-04-28,C073,Pao_de_Hot_Dog,23.21,2,46.42
